A-ICHI,a-image/001.jpg,A-ICHI / エーイチ,DJ,,,『30代でないと』AKI,a-image/002.jpg,AKI / アキ,GOGO DANCER,,,"『ArcH 5th ANNIVERSARY』, AiSOTOPE LOUNGE 1st ANNIVERSARY』, 『ガクラン』, 『BANANA Fridays』"ATSUSHI,a-image/003.jpg,ATSUSHI / アツシ,DJ,,,『MEN'Sスーツ』ATSUSHI,a-image/004.jpg,ATSUSHI / アツシ,GOGO DANCER,,,"『ケツ割れナイト』, 『炎の野郎祭』"ATT,a-image/005.jpg,ATT / アット,DJ,HOUSE/TECHNO,"「HITS」@CODE、「DISCO SAUNA」@ageHa ROSE ROOM等で注目を浴び、 2005年「MANIAC LOVE」アフターアワーズのレジデントに抜擢。その後もML後のアフターアワーズパーティーの代名詞「Attach!」 「DISCOTECKA」@amate-raxiのレジデント/オーガナイズでそのキャリアを確固たるものとし、LOUD主催のDJランキング「DJ50/50」には2007年〜2009年、2012年にランクインを果たす。その音は、アフターアワーズ直系のアップリフティングなテクノ/ハウス・スタイル。現在は「GLAMOROUS」@代官山AIR、「Datura」@中目黒solfa、「BUZZx3」 @渋谷R LOUNGE、「7」＠新宿ArcHを中心に、実に様々なパーティーにゲスト出演を重ねている。「渚音楽祭」、「Maniac Beach」、「Shangri-La」、「RYTHMHOLIC」、「PLUS TOKYO」、「RED」、「TROUBLE HOUSE」などのビッグ・パーティーから「Phenomana」、「MASS」、「PIMP」、「Guidance」、「BOOST」、「クイック」、「BIG CRUNCH」など耳の肥えたクラウドが集うコアなパーティーまで多数出演。PLUS RECORDS、BPM JAPAN、CITTA MUSICらから楽曲をリリース。http://djatt.blogspot.com/","『ArcH presents AFTER HOURS ""7""』、『クイック』"AMI SUZUKI,a-image/006.jpg,AMI SUZUKI / アミ スズキ,DJ,HOUSE/ELECTRO,"1998年「love the island」でデビュー。2004年12月30日、エイベックスへ移籍後、第一弾シングル「Delightful」をリリース。2007年には様々なアーティスト、ミュージシャンとのコラボレーション企画アルバム「join」シリーズを発表し、新たなクラブミュージックにも挑戦。2009年からは本格的にDJ活動を始め、聞くものすべてを笑顔にさせる、ハッピーフィーリング満載の「KISS KISS KISS」のリリースと同時に初のDJツアーを行う。国内のみならず、韓国、台湾、上海、オーストラリア、LAなどで、Girls DJとして活躍。歌手、女優、DJと活動の幅も広がってきた。女優としては、2006年10月に公開された「虹の女神 Rainbow Song」で初の映画出演を果たし、翌年には深作健太監督の映画「XX（エクスクロス） 〜魔境伝説〜」に出演。2008年には聴覚障害を持つ少女を演じたTBS系列のドラマ「愛の劇場・ラブレター」で昼ドラマ初主演を飾る。舞台でのデビューは、2008年の「ココロノカケラ」で主演デビューを飾り、2009年にシアタークリエで上演されたミュージカル「ブラッド・ブラザーズ」にも出演。2010年にはル・テアトル銀座で朗読劇「私の頭の中の消しゴム」に挑戦し、2011年には日中国交正常化四十周年記念舞台「ジンギスカン〜わが剣、熱砂を染めよ〜」で紫吹淳や佐藤アツヒロと共演するなど、着実に歩みを進めてきた。そして、2011年12月にはエイベックス移籍後初のベストアルバム「Ami Selection」を発売する。http://www.avexnet.or.jp/ami/",『ArcH 3th ANNIVERSARY』アンジェリカ,a-image/007.jpg,Angelica / アンジェリカ,DRAG QUEEN,,,『ArcH 7th ANNIVERSARY PARTY 〜CASINO〜』aoba a.k.a 山咲千里,a-image/008.jpg,aoba a.k.a 山咲千里 / アオバ,DJ,,,『ArcH 1st ANNIVERSARY』B-con,a-image/009.jpg,B-con,GOGO DANCER,,,"『ガクラン』, 『30代でないと』, 『やんちゃじゃないと』"BLK,a-image/010.jpg,BLK,DJ,,,『URBANIC』バビ江ノビッチ,a-image/011.jpg,Babie-No-Bitch! / バビ江ノビッチ,"DJDRAG QUEEN",,,"『PINKHOUSE X』、『女装紅白歌合戦』"ブルボンヌ,a-image/012.jpg,bourbonne / ブルボンヌ,"DJDRAG QUEEN",,"女装パフォーマー／ライター。新宿２丁目のゲイミックスバー『Campy! bar』ママ。1990年にゲイのパソコン通信ネットワークを立ち上げ、以後クラブパーティやパレード 、シンポジウムなどLGBTイベントを中心に活動。同時にゲイ雑誌『バディ』の主幹編集として数々の企画を発信。現在、NHKラジオ第１『午後のまりやーじゅ』木曜パーソナリティをはじめ、『ハートネットTV』『オレンジページ』『シティリビング』『ケトル』『バディ』などに出演・連載中。","『RUSH CRUISE』、『アキバナイト』、『デブも専ナイト』"バブリーナ,a-image/013.jpg,bubrena / バブリーナ,"DJDRAG QUEEN",,"ポータルサイト『2CHOPO』編集長／女装タレント／イベントオーガナイザー新宿二丁目を拠点に全国のイベントで、MCやショーガールとして活動中。近年ではテレビ番組やCMにも出演し、活躍の場を広げている。","『AMR〜安室奈美恵ナイト〜』、『笑止千万』、『PARTY』、『女装紅白歌合戦』"Butio,a-image/014.jpg,Butio / ブチョウ,DJ,,,『Nite Flyte』CARP,a-image/015.jpg,CARP / カープ,DJ,J-pop/K-pop/DISCO,"『東京歌謡曲ナイト』主宰。山口百恵の歌声を爆音で聴かせたいがためにVJからDJに転身。洋楽至上主義だったダンスフロアに「""和モノ""のわかりやすさ」と「ドラマチックなカットイン」を持ち込み、一躍脚光を浴びる。数年前からは、K-POP DJとしても活動の幅を広げ「K-POP NIGHT」のレギュラーなども務める。「偏差値３０からのダンスミュージック」普及を目指し、新宿を起点に都内各地のパーティに出没中。https://flavors.me/CARPhttp://tokyocarp.blog.shinobi.jp/",『東京歌謡曲ナイト』Campy!ガールズ,a-image/016.jpg,Campy!ガールズ / キャンピーガールズ,DRAG QUEEN,,,"『RUSH CRUISE』、『Campy!舞踏会』、『アキバナイト』、『デブも専ナイト』"Chii☆,a-image/017.jpg,Chii☆ / チイ,DJ,Hip Hop/R&B,"2丁目では第３土曜日""Girl Friend""@AISOTOPE LOUNGEを筆頭に、金曜日にはadovocaets cafeで街のど真ん中に向けDJしてたり、ゲバゲバPARTY ""BG☆BG""のオーガナイザーなども手がけるパーティーおばさん。実はMIX CDをリリースしたり渋谷等のHip Hop Partyでも活躍する本気B-Girl。",『I❼GF』CHINEN,a-image/018.jpg,CHINEN / チネン,DJ,TECHNO,"ArcH After Hours UNiON主催。2005年スタッフとして働いていた新宿advocates tokyoにてDJデビュー。当時月曜限定で開催されていたDJ BAR UNIONでメインスタッフ、ＤＪを担当しその後渋谷AMRAX、module、club asia、新宿ArcH等で回す機会、経験を得る。Techno,Houseを得意とし、UpperでFunky、かつGroovyをモットーにラウンジからハードフロアーまで幅広くこなす。また、グラフィックデザイナーとしての顔も持ち、平面から立体作品など、独特の世界観で構築されるArt Worksにも注目。",『奏家』
COOLG,a-image/019.jpg,COOLG / クールジー,DJ,HOUSE/TECHNO/Disco/R&B/Jazz/ROCK/J-POP,,"『DEEPER DEEPER』、『up!!light』"ダイアナ・エクストラバガンザ,a-image/020.jpg,Diana Extravaganza / ダイアナ・エクストラバガンザ,DRAG QUEEN,,,"『ArcH 4th ANNIVERSARY〜AIR LINE〜』、『PINKHOUSE X』、"

Do,a-image/021.jpg,Do / ドー,GOGO DANCER,,,『ガクラン』DONBURI,a-image/022.jpg,DONBURI / ドンブリ,GOGO DANCER,,,"『ArcH 6th ANNIVERSARY』, 『AiSOTOPE LOUNGE 1st ANNIVERSARY』, 『ガクラン』, 『9モンスターズナイト』"ドーパミン,a-image/023.jpg,DOPAMINE,DRAG QUEEN,,,"『WANTED』、『二丁目ハイスクール』"DSK☆ミ,a-image/024.jpg,DSK☆ミ,DJ,HOUSE/J-POP,"2007年DJデビュー。都内最大のK-POPクラブイベント""DJ HYUKのK-POP NIGHT""オーガナイズをはじめ、国内最大規模のダンスカバーイベント「DREAM ON!」でのDJ&メインMCとしても活躍。さらに、タワーレコードUstreamへの出演、お台場合衆国への出演など活躍の場を大きく広げてい る。ハウス・J-POP・K-POPを縦横無尽に駆けめぐるプレイには定評があり、身体も心も揺さぶるそのプレイで多くのパーティーピープルの心を掴んで いる。","『K-POP NIGHT』、『ノーパンスウェットナイト』"ERIC,a-image/025.jpg,ERIC / エリック,GOGO DANCER,,,『ArcH 5th ANNIVERSARY』エスムラルダ,a-image/026.jpg,esmralda / エスムラルダ,DRAG QUEEN,,"ホラー系ドラァグクイーン兼脚本家・ライター。94年よりドラァグクイーンとしての活動を開始し、各種イベントに出演。02年8月、東京都の『ヘブンアーティスト』ライセンスを無理矢理取得。特技：吐血。著書：『英語で新宿２丁目を紹介する本』（ポット出版）。","『RUSH CRUISE』、『TK GROOVE』、『かくしゲイ大会』、『ゆるぽナイト』"fancy BOYS,a-image/027.jpg,fancy BOYS / ファンシーボーイズ,DJ,ELECTRO,http://www.fancyhim.com/,『fancyHIM』フーチ葉よもぎ,a-image/028.jpg,Fuchiba Yomogi,"DJDRAG QUEEN",,,"『フーチ葉ちゃん祭り』、『聖子ナイト2013』、『PINKHOUSE X』、『女装紅白歌合戦』"G.O,a-image/029.jpg,G.O / ゴウ,GOGO DANCER,,,『PARTY』HANETOSHI,a-image/030.jpg,HANETOSHI / ハネトシ,DJ,Vocal House/House/Techno/Hard Techno,"2007年ArcHにてＤＪデビュー。VOCAL HOUSEからTECHNO、TRANCEまでプレイジャンルは多岐に及ぶ。フロアを心地よく揺らしたと思えば攻撃的なチューンで盛り上げたりと、独創的なスタイルはまさに変幻自在。活躍の場を次々に広げ、現在最も注目されている若手ＤＪのひとりである。http://www.myspace.com/hanetoshi","『SWITCH』、『ノーパンスウェットナイト』、『30代でないと』"HIDEO,a-image/031.jpg,HIDEO / ヒデオ,DJ,TECHNO/HARD HOUSE,,『AiSOTOPE LOUNGE 1th ANNIVERSARY PARTY 〜CASINO〜』HIDE,a-image/032.jpg,HIDE / ハイド,GOGO DANCER,,,『BAD BOYS』HIROKAz,a-image/033.jpg,HIROKAz / ヒロカズ,GOGO DANCER,,,"『BANANA Fridays』, 『BAD BOYS』"HOH,a-image/034.jpg,HOH / ホウ,GOGO DANCER,,,"『ArcH 2nd ANNIVERSARY, ArcH 3rd ANNIVERSARY』"ホッシー,a-image/035.jpg,HOSSY / ホッシー,DRAG QUEEN,,"国内 DRAG QUEEN ヒヘラルキー、TOPの座に君臨する【QUEEN of QUEEN】舞台上では、ウルトラスーパーガウジャスビューティー。舞台下では、破壊系泥酔ヨゴレとして、数々の伝説を残しながら現在に至る。およそ1/5世紀というキャリアの中で、アンダーグラウンドシーンは言うに及ばず、メジャーシーンにおいても、八面六臂、縦横無尽、神出鬼没に活躍。衣装デザイン・製作も全て自身の手によるもので、そのクオリティに各方面からのオーダーは絶えない。,HYUK,a-image/036.jpg,HYUK / ヒョク,DJ,House/Vocal House/POP,"韓国ソウル出身。1997年語学留学の為来日。2002年今はなきマニアックラブでDJを始める。2008年9月新宿のアラマスカフェで「K-POP LESSON」というイベントを始める。2009年7月ArcHでの「DJ HYUKのK-POP NIGHT」からDJ兼イベントオーガナイザーとして活躍中。2010年4月NHKの熱中スタジアムで「KARAのHONEY」を踊り、名前を全国区に知れ渡れる。その後、韓国　「KBS WORLD NEWS」、韓国　MBC 「偉大なる誕生」など韓国のテレビでも出演！！雑誌「韓流旋風」で「言いたい放題」連載中",『K-POP NIGHT』

イスズ,a-image/037.jpg,ISUZU / イスズ,DRAG QUEEN,,"『SURF』、『RUSH CRUISE』、『PARTY』",JURI,a-image/038.jpg,JURI / ジュリ,DJ,太鼓DUB,"オリジナリティー溢れるパーカッシブなサウンド「太鼓DUB」というダンスミュージックのジャンルを産み出し、DJプレイ、ライブ、楽曲制作など様々な形で発表し続ける新進気鋭の女性アーティスト。独自の世界観を表現したライブ時には、和太鼓を自ら叩くことで、トライバルのリズムを刻み、多種多様なアーティストとコラボレートしてステージを創り上げる。世界各地のトライバル音楽と触れ合い、２００８年にはオーストラリア政府より、日本とオーストラリアを音楽でつなぐ音楽親善大使に任命され、音楽を通じての国際親善に貢献。オーストラリア原住民であるアボリジニアーティストとのコラボレーションにより、伝統音楽を電子音と融合させクラブミュージックを制作。また翌年２００９年には、海洋保全のプログラム「東京アクアリオｘワンオーシャンプロジェクト」に参加し、モルディブ共和国より、伝統楽器「ボドベル」との楽曲をリクエストされ 現地でレコーティング。「Paradise of Maldives (パラダイス　オヴ　モルディヴ）」は音楽を通じて環境や文化を世界に伝えるイベントなどで披露され、モルディブ政府が音楽親善大使に任命する。オリジナル楽曲で自身の代表作でもある""Syamisen No Utage""は沖縄国際映画祭のオープニング曲に抜擢されたり、モスバーガー新商品のテレビＣＭ楽曲を制作したりと、活躍の場はダンスフロアーに限らない。2010-独自のオリジナル楽曲を違った観点で発表するため、全国各地で活躍するクリエイターと全21曲のREMIXアルバムを発表。今までの活動で出会った、才能あふれるクリエイターたちと一緒に一味違う「太鼓DUB」を展開する。全国各地で本物の音楽を追求するクリエイターとの作品は、DJ　JURIの世界観をより一層ふくらますものとなった。「Rhythm Beauty Theatre」という総合エンターテイメントの音楽プロデュースを担当し、オリジナルの楽曲にパフォーマンスアートの要素を組み込み、視覚的、体験的な音楽を披露する。また、世界的に認知されている音響ブランド""DENON""、世界NO1のシェアを誇るDJ GEARブランド""UDG""が、その実力を認め日本人では異例の海外サポート契約をするなど、その活動の舞台はグローバルな広がりを見せている。 WEBSITE： http://www.djjuri.comSound Cloud：http://soundcloud.com/dj-juriMYSPACE：http://www.myspace.com/djjuriameblo：http://ameblo.jp/taikodub/Twitter：http://twitter.com/DJ_JURIFacebook&contact address：message@djjuri.comHokkaido Music Summit[HMS]：http://www.hokkaido-hms.info/RHYTHM BEAUTY THEATRE：http://rhythmbt.exblog.jp",『ALAMAS CAFE 5th ANNIVERSARY PARTY 〜CASINO〜』Kai,a-image/039.jpg,Kai / カイ,GOGO,,,『BANANA Fridays』KAWAMURA,a-image/040.jpg,KAWAMURA / カワムラ,DJ,TECHNO/HARD HOUSE,"1995' dj活動をスタート。3年後、Hardで攻撃的なサウンドと幅広いジャンルで構成されたDeepなDirectionでREDのレジデントを務めあげる。独自の感性でジャンルに捕われる事なく進化し続けるプレイスタイルは、日本のみにとどまらず、海外からも支持され、2002年にはドイツ・ベルリンLoveInfernoや2004年、フランス・リールにてLille2004等のBig Partyにゲストとして呼ばれ、ヨーロッパで評価を得る。又、同年6月にはインドネシア・バリでBlueMalinePartyにも参加し、アジアのクラブシーンにも欠かせない存在になりつつある。 ",『RISE』KAZUMA,a-image/041.jpg,KAZUMA / カズマ,GOGO DANCER,,,『ArcH 7th ANNIVERSARY』Kazz,a-image/042.jpg,Kazz / カズ,DJ, J-POP/K-POP/House ,,"『K-POP NIGHT』、『ゆるぽナイト』"KENJI,a-image/043.jpg,KENJI / ケンジ,GOGO DANCER,,,『PARTY』KONG,a-image/044.jpg,KONG / コング,GOGO DANCER,,,『AiSOTOPE LOUNGE 1st ANNIVERSARY』KYOHEY,a-image/045.jpg,KYOHEY / キョウヘイ,GOGO DANCER,,,『ArcH 1st ANNIVERSARY』K-SUKE,a-image/046.jpg,K-SUKE / ケースケ,GOGO DANCER,,,『PARTY』エル,a-image/047.jpg,L / エル,DRAG QUEEN,,　,"『大学生ナイト』、『りんごないと』、『アキバナイト』"リル・グランビッチ,a-image/048.jpg,Lil' Grand-Bitch / リル・グランビッチ,DRAG QUEEN,,,"『RUSH CRUISE』、『PARTY』、『渦巻』、『笑止千万』、『女装紅白歌合戦』"マダム・ピロガネーゼ,a-image/049.jpg,Madam Piroganeze / マダム・ピロガネーゼ,DRAG QUEEN,,,"『女装紅白歌合戦』、『アキバナイト』、『笑止千万』、『ドリカマナイト』、『浜崎あゆみナイト』"メイリー・ムー,a-image/050.jpg,Mailey Mu / メイリー・ムー,DRAG QUEEN,,,"『QUEEN'S LOUNGE』、『女装紅白歌合戦』、『ArcH 6th ANNIVERSARY〜DOUBLE A HOTEL〜』"MAKOTO,a-image/051.jpg,MAKOTO / マコト,GOGO DANCER,,,『AiSOTOPE LOUNGE 1st ANNIVERSARY』MANTARO,a-image/052.jpg,MANTARO / マンタロウ,GOGO DANCER,,,"『ArcH 7th ANNIVERSARY』, 『MEN'Sスーツ』"masaki,a-image/053.jpg,masaki / マサキ,GOGO DANCER,,,『ArcH 5th ANNIVERSARY』マーガレット,a-image/054.jpg,Margarette / マーガレット,DRAG QUEEN,,,"『ArcH 4th ANNIVERSARY〜AIR LINE〜』、『アキバナイト』、『BALL』、『お花畑カフェ』"マルガリータ,a-image/055.jpg,Margarita / マルガリータ,DRAG QUEEN,,,"『RUSH CRUISE』、『女装紅白歌合戦』"MASANORI MORITA,a-image/056.jpg,MASANORI MORITA / マサノリ モリタ,DJ,HOUSE,"DJとして日本及び世界各国で活動。WMC(Miami)、Southport Weekender(UK)、ADE(Amsterdam)等の海外フェスティバルへの出演や、ファッション/アート及びIT業界とのコラボレーションも多数。2000年に阿部登とSTUDIO APARTMENTを結成し、これまでに5枚のオリジナルアルバムを発表。様々な楽曲がDefected (UK)、King Street (US)、hedkandi (UK)、Nervous Records (US)、Toolroom Records (UK)等のシーンを代表する国外レーベルからリリースし、STUDIO APARTMENTは着実に世界のダンスミュージックシーンへと活動の場を広げている。また、自らのリリースや新人発掘・育成を目的としたダンスミュージックレーベル「Apt.」「Apt. International」を設立。DAISHI DANCE、PAX JAPONICA GROOVE、HIDEO KOBAYASHIといった日本人アーティストの他、Timmy Regisford、Dennis Ferrer、Kerri Chandler等の海外アーティス作品もリリースしている。2011年、STUDIO APARTMENTが初のメジャー契約。ジャンル、シーンを超えたボーカリスト達をフィーチャーした初の歌モノ・アルバム作りに着手。2012年、クラブシーンのトップを走り続けるSTUDIO APARTMENTが、いよいよJ-POPシーンに躍り出る。http://www.studioapartment.jphttp://studioapartment10th.jp",『ArcH 3th ANNIVERSARY』MASAO,a-image/057.jpg,MASAO / マサオ,DJ,HOUSE/TECHNO,"1999年DJデビュー。HOUSEとTECHNOを軸にしたプレイスタイル。ツボを心得たその選曲センスは評価が高く、時にLOVELYで、時にAGGRESSIVEであり、ダンスフロアから愛され続けているDJである。現在は「SWITCH」at ArcHのオーガナイザーをつとめながら、異色のTECHNO PARTY「TWILIGHT」を立ち上げ、AFTER HOURS PARTY「TAKE OFF」のレジデントをはじめ、毎月様々なCLUB・PARTYで精力的な活動を見せている。 ","『SWITCH』、『TAKE OFF』、『MEN'Sスーツ』、『TWILIGHT』

MASATO,a-image/058.jpg,MASATO / マサト,DJ,HOUSE/TECHNO,"96年、『Jumpin’』＠Bar DelightにてDJ活動をスタート。躍動的かつ繊細なSOUNDを駆使したmixとプレイで、レジデントDJとして2年間活躍。しかしBar Delightの閉店とともに、惜しまれつつも本業MAD DENTISTの道へ。その後、8年の歳月を経て、2006年に『Jumpin’2006』＠ArcHでDJ活動を再開し、ブランクを感じさせない斬新なプレイで見事に復活を遂げる。復帰後わずか1年間で、新木場ageHa、渋谷WOMB、AMRAX、等、都内に限らず数々のBIG PARTYに参加。中でも、渋谷AMRAXにおいては、全アフターアワーズに参加し、東京のAfter Hoursには欠かすことのできないDJの一人となる。また幼少期から15年間ピアノを習い常に音楽に触れてきたその音感、感性、表現力はまさにデジタルベートーヴェン。現在では、『Shangri-La』＠ageHa、『BLACK MUNCHEE』＠microcosmos、『(marunouchi)HOUSE』@新丸ビル、をレジデントとしその繊細なテクニックと幅広いジャンルを独自の世界観でミキシングしたプレイスタイルで活躍中。",『BANANA Fridays』

maya,a-image/059.jpg,maya / マヤ,DJ,HOUSE,"東京を拠点に活動中のDJ/オーガナイザー。Re:Birth@ArcH主催&DJ。STAY GOLD@ArcHレジデンドDJ。トライバルなリズムを軸にハウス、テックハウス等の音を使い独自のスタイルでのDJプレイは性別、国籍問わず好評である。レジデンドの他にも,amate-raxi,womb,warehouse,Solfaなどで開催中のパーティーでもプレイ中。 ",『Re:Birth』MG,a-image/060.jpg,MG / マグ,DJ,House/Techno/Hard House,,『TAKE OFF』Miss Envy,a-image/061.jpg,Miss Envy / ミス エンビー,DJ,,"1998年、伝説のイベント ""Passion"" にて DJ をスタート。 それを機に日本全土で DJ として活躍。イギリス最大イベントのひとつ、HOMELANDに DJとして参加後、活動の拠点を日本のみならず、世界に広げる。2009年秋、Yoshinobu Mizutaniと共にSoul Addictを結成。デビュートラックには全米クラブ・チャート1位に輝くヒット曲を数々送り出す House 界の歌姫、Barbara Tucker とアジア人初のコラボレーションを実現させ、今後が期待されるアーティストである。Soul Addict & Barbara Tucker - Love The Hurt Away、iTunes Storeにて絶賛発売中！また、MAC、Maybellyn NYC、YSL など、多くの有名ブランドが主催するレセプションパーティーのサウンドディレクターとしても才能を発揮するほか、音楽のみにとどまらず、モデルとしても活動中。",『ArcH 4th ANNIVERSARY』ミッツ・マングローブ,a-image/062.jpg,Mitz Mangrove / ミッツ・マングローブ,DRAG QUEEN,,,"『女装紅白歌合戦』、『ArcH 4th ANNIVERSARY〜AIR LINE〜』
MONDO,a-image/063.jpg,MONDO / モンド,DJ,ELECTROPOP DISCO,"”ヒゲ女装” の愛称でマイノリティーもセレブリティーもあら ゆる人種を虜にするドラァグクイーン。そしてDJ。紳士であり、淑女であり、そしてそのどちらでもない。東京で最もカッティングエッジといわれるエレクトロパーティー 「fancyHIM」をはじめ「SEX AND THE CITY」 「WONDERLUST」「GIVENCHY」「Chloe」 「ABSOLUT」等のレセプションパーティーに出演。“シューティング・ディージェイ” という撮影現場のプレイで は、タナカノリユキ、レスリー・キー、沢尻エリカ、Chara、アンジェラベイビーをはじめとするクリエイター＆アーティスト達からそ の選曲センスを絶賛されている。大塚愛、MISIAの全国ツアーや、NHK紅白歌合戦をはじめと する各種音楽番組、アーティストPVにもパフォーマーとして出演。蜷川美花、Leslie Kee、桐谷和明らの作品に登場するなど、その 活動は神出鬼没。","『ArcH 2nd ANNIVERSARY』, 『ArcH Last Place Party day1』"MONOBE,a-image/064.jpg,MONOBE / モノベ,DJ,UK HARD HOUSE,"独自のMIXスタイルは常に進化し続け、House、Techno…アニソン！？とジャンルの枠さえも飛び越えるそのUPPERでFUNKYなPlayは強力に人々を引き寄せる。フロアをHARDにもRavyにも創り上げられる独自のGrooveは例を見ない自由さで、 Party全体をBuild Upさせることの出来るテクノファンタジスタ。 好きな食べ物は生ハム。http://twitter.com/#!/monyobe",『RISE』

MUSUKO,a-image/065.jpg,MUSUKO / ムスコ,DJ,,,『ArcH 1st ANNIVERSARY』M☆NARUSE,a-image/066.jpg,M☆NARUSE / ナルセ,DJ,HOUSE/O-HOUSE/J-POP,"1996年、新宿2丁目club GAMOSにてDJデビュー。VOCAL HOUSEを中心としたドラマチックでウィットに富んだ選曲で、新宿二丁目内外にて行われた数々のGAY PARTYや「THE PRIVETE PARTY」@ Liquid Room、「Saturday Jumpin Disco」@CODE、渋谷furaや渋谷atom、六本木velfarreといった都内大箱クラブにてレギュラーDJとして活動し、東京から日本全国にその名を広める。楽曲制作ではw-indsやドイツ Mr.PresidentのRemix等も手掛ける。ロングランPARTY「PINKHOUSE X」@ 新宿ArcHを中心に全国各地で活躍中。 ","『ArcH 7th ANNIVERSARY PARTY 〜CASINO〜』、『PINKHOUSE X』"ナジャ・グランディーバ,a-image/067.jpg,Nadja Grandiva,DRAG QUEEN,,,"『RUSH CRUISE』、『ArcH 7th ANNIVERSARY PARTY 〜CASINO〜』"NAOKI,a-image/068.jpg,NAOKI / ナオキ,GOGO DANCER,,,『BAD BOYS』NAWOTO,a-image/069.jpg,NAWOTO / ナヲト,GOGO DANCER,,,"『ArcH 5th ANNIVERSARY』, 『ArcH 7th ANNIVERSARY』, 『MEN'Sスーツ』, 『トゥナイト』, 『ガクラン』, 『BAD BOYS』, 『9モンスターズナイト』"OFF THE ROCKER(Shinichi Osawa + Masatoshi Uemura),a-image/070.jpg,OFF THE ROCKER(Shinichi Osawa + Masatoshi Uemura),DJ,ELECTRO ROCK,"大沢伸一と、サウンド、プレイ的に共鳴し合うbonjour recordsの上村真俊によるDJデュオ。1曲づつ交互にスピンするBACK TO BACKによるDJプレイは、それぞれのソロによるプレイより、さらに凶暴性や破壊力が増しフロアを完璧にロックする。OFF THE ROCKERとは“イカレてる”というスラングと、ROCKなDJスタイルのダブルミーニング。http://www.myspace.com/offtherockerjp大沢伸一（音楽家、DJ、ミュージシャン、プロデューサー）93年のデビュー以来、バンドからソロ・プロジェクトとなったMONDO GROSSOを経て、SHINICHI OSAWAとして革新的な作品をリリースし続ける一方、国内外のアーティストのプロデュース、リミックスも数多く手掛ける。アルバム「The One」はイギリスのSouthern FriedとアメリカのDim Makからリリースされ、その作品力が世界水準であることが認められた。作曲家、プロデューサーとしては、安室奈美恵、MINMIなどと次世代のヒット・サウンドを生み出し、リミキサーとしてはデジタリズムやフェリックス・ダ・ハウスキャットなどに原曲を越えたクラブ・ヒットを提供し、国内外のアーティストのリミックスワークを集めた「TEPPAN-YAKI」も日英でリリースした。DJとしても、クラブ誌LOUDのDJ人気投票国内の部で２年連続No.1に輝き、海外でも勢力的にツアーを行う。アルバム「SO2」収録の、ベルギーのクリエイターPAUL CHAMBERSと共作した「SINGAPORE SWING」は２MANY DJS、EROL ALKAN、BOYS NOIZEらの海外のTOP DJにプレイされ、2010年の世界的クラブヒットとなった。2011年7月にはそのヒットトラック名をタイトルとしたニューアルバム「SINGAPORE SWING」をリリースした。www.shinichi-osawa.comhttp://twitter.com/shinichiosawawww.myspace.com/shinichiosawahttp://soundcloud.com/shinichiosawahttp://www.facebook.com/pages/Shinichi-Osawa/29099839651上村真俊[ウエムラ　マサトシ]bonjour recordsのチーフバイヤー。colette、KITSUNE、SURFACE 2 AIRなど世界各地カッティングエッジなカルチャー全般のバイイング、コーディネーションを手掛ける。DJとしても都内クラブを中心に活動。CARTIER、A.P.C.など、数多くのファッションパーティーでもDJをこなす。http://www.myspace.com/bonjourmasa","『ArcH 1st ANNIVERSARY』, 『ArcH Last Place Party day1』"OSH,a-image/071.jpg,OSH / オシュー,DJ,J-POP/HOUSE,"2008年DJデビュー。HOUSE?J-POPまでジャンルにとらわれず、フロアの色や温度を感じながらPOPに染め上げるプレイスタイルで幅広く支持を受けている注目の若手DJ。G-Gaytion@Shangri-Laなど数々のビッグイベントにレギュラー出演を重ね、毎年末に開催される「輝く!２丁目レコード大賞 @ALAMASCAFE」では2008年から３年連続で大賞、最優秀新人賞を受賞。レジデントにじゃぱんぐ♪、ゆるぽナイト、太鼓-tribal-など。","『JUMPER SQ!!』、『じゃぱんぐ♪』、『二丁目ハイスクール』
PELI,a-image/072.jpg,PELI / ペリ,DJ,ELECTRO,"横浜生まれ横浜育ち。時代のスピリットから派生した音楽とそれにリンクするファッションを自在に操り、DJ/スタイリストとして2006年から東京を拠点に活動。LOUIS VUITTON、HERMES、Diorをはじめ、様々なハイファッションブランドのパーティーでDJセットを披露、VOGUE JAPANやNYLON JAPANを筆頭に数多くのメディアでファッションアイコンとして取り上げられてきた。2013年2月にはボーダレスで最先端のファッションストーリーを展開するオンラインセレクトショップ【PAMEO POSE(パメオ ポーズ)】をスタート。時代や性など、ありとあらゆる境界線を超越したアティチュードで、ファッション、音楽、そしてアートへの美学を追求する。http://peli.jp/http://blog.talk.vogue.co.jp/peli/http://pameopose.com/",I❼GF/fancy HIM

POPPO,a-image/073.jpg,POPPO / ポッポ,DJ,,"ジャンルを越えたDJスタイルで、常にフロアを盛り上げる""KING OF DJ""。90年代に出現した伝説のイベント『上海麗舞』のスタート当初のDJも手掛け、平日にも関わらず、一千人を越えるモンスター・イベントに押し上げる。メジャーレーベルからのダンス・ミックスCD、海外、国内のアーティストのリミックスも数多く手掛ける。2000年代には、上海、バンコクでもDJを行う。現在は、東京、大阪、名古屋で数々のFM番組の制作も手掛けるメディア・クリエーターとしても活躍中。,レイチェル・ダムール,a-image/074.jpg,Rachel D’Amour / レイチェル・ダムール,"DJDRAG QUEEN",,,"『ArcH 2nd ANNIVERSARY〜花魁道中〜』、"RIOTO,a-image/075.jpg,RIOTO / リオト,GOGO DANCER,,,"『RUSH CRUISE』, 『ArcH 7th ANNIVERSARY』, 『AiSOTOPE LOUNGE 1st ANNIVERSARY』, 『PARTY』, 『トゥナイト』"RTO,a-image/076.jpg,RTO,GOGO DANCER,,,『PARTY』RYUZO,a-image/077.jpg,RYUZO / リュウゾウ,DJ,,,30代でないと/MEN'SスーツRYO,a-image/078.jpg,RYO / リョー,GOGO DANCER,,,『PARTY』RYUDO ,a-image/079.jpg,RYUDO ,GOGO DANCER,,,『PARTY』サセコ,a-image/080.jpg,Saseko / サセコ,DRAG QUEEN,,,"『RUSH CRUISE』、『Campy!舞踏会』、『アキバナイト』、『K-POP NIGHT』、『笑止千万』"SatC,a-image/081.jpg,SatC / サトシ,GOGO DANCER,,,『ArcH 3rd ANNIVERSARY』sAtoshi,a-image/082.jpg,sAtoshi / サトシ,DJ,,"1998年、札幌KING MXHUにてDJデビュー。その後、拠点を東京に移し、新宿・渋谷を中心に東奔西走する。80'sから最新クラブチャートまでレンジは広く、プレイスタイルは柔軟。心情はPOPたれ。2012年には台北、ソウルでのプレイを経て、更に活躍の幅を広げている。レギュラーイベントはGORILLA等。https://www.facebook.com/djsatoshi68https://soundcloud.com/satoshi-chiba-2","『GORILLA』、『TK GROOVE』"
SATORU,a-image/083.jpg,SATORU / サトル,GOGO DANCER,,,『露出狂ナイト』SEKI,a-image/084.jpg,SEKI / セキ,DJ,TECHNO,"80年代後半、四谷のJ.BONDにてDJデビュー。その後、ハードコアエレクトロヒップホップユニッ トHI-TECH GROOVEのDJ＆サウンドクリエイト、下北沢ZOOでのレジデントDJ、1000人近くの集客があった川崎チッタでのビックイベント＜DJ SUPER STARS HIT PARADE＞のオーガナイズ、渋谷CAVE（現module）で行われたパーティのオーガナイズなど多方面に渡り精力的に活動。活動拠点を新潟に移して からは地元テクノパーティに多数参加。しばらく休止した後、2004年12月震災後の新潟県小千谷市にて というパーティのオーガナイズと同時にDJ活動も再開。都内からDJが参加し100人以上を集客し話題になる。2006年4月＜SCREW＞というパー ティにて東京でのDJも復活。同年７月よりclub ArcHにて定期的に開催されるオリジナルスタイルのパーティ＜TWILIGHT＞を展開中。",『TWILIGHT』shiGe,a-image/085.jpg,shiGe / シゲ,GOGO DANCER,,,『tooMuch』SHiN,a-image/086.jpg,SHiN / シン,GOGO DANCER,,,『9モンスターズナイト』SHINKAWA,a-image/087.jpg,SHINKAWA / シンカワ,DJ,HARDHOUSE/HARDTECHNO,"1993年、イギリス滞在中に'TRADE'などを中心とするロンドンクラブシーンに多大な影響を受け、DJになる決心をし帰国後活動を開始。伝説の巨大クラブ芝浦GOLDでのTHE PRIVATE PARTY でのデビュー。そして、今は無きDELIGHTでのパーティー'JUMPINN' 'が狂信的な人気を博し、その評判は日本のクラブシーン全体に知れ渡った。以降、着実に経験を積み重ね、オリジナリティー溢れる独自のサウンドを創りあげたDJ SHINKAWAの最近の活動には目をみはるものがある。現在は、六本木VELFARREでの'CLUB SHINKAWA? を始め、麻布十番LUNErSでの'CROSS OVER'、青山MANIAC LOVEでの'CYCLE AFTER HOURS'、大阪 UNDER LOUNGE での'WARP DA DISCO'などでレジデントレギュラープレイ。今や、日本において現在最も人気を博した実力あるDJに成長している。 また、海外でも1998年11月にオーストラリアのパースにてメインDJとしてプレイを皮切りに2000年および2001年でのUKツアー。2002年6月の中国ツアー、9月のロンドン・アムステルダムツアーと精力的に活動を行っている。 制作活動も精力的にこなし、哀愁ゲイサウンドの頂点ともいうべき'COME AND RESCUE ME'のSHINKAWAによるカバーを含む1種類のミニ・アルバム「CROSS」と「OVER」が1997年7月1日に発売。他にもイタリアのレコードプロダクションNukleuzとコラボレートした「Pump Up The Media」など数々の作品を残している。ハウス、テクノ、ワープといったジャンルを独特の表現方法で自由に操る彼のサウンドは、リスナー、クラウドの1人ひとりにHAPPINESSを与えつづけるだろう。",『TAKE OFF』SHINTARO,a-image/088.jpg,SHINTARO / シンタロウ,DJ,,,『ArcH 1st ANNIVERSARY』SHO,a-image/089.jpg,SHO / ショウ,GOGO DANCER,,,『ArcH 3rd ANNIVERSARY』SHOWHEY,a-image/090.jpg,SHOWHEY / ショーヘイ,DJ,J-POP/J-House,,"『トゥナイト』、『AMR〜安室奈美恵ナイト』、『Panache』
SILVA,a-image/091.jpg,SILVA / シルバ,DJ,HOUSE,"1998年『SACHI』でデビュー。以後、SILVAとしては2002年までにシングル12枚・アルバム3枚・ベスト1枚をリリース。DJSILVAとしては03年より本格始動し、アジア諸国（台湾、韓国、上海、シンガポール、マレーシアなど）のクラブやアメリカ、ヨーロッパなどで精力的にDjプレイを行い2008~2011年までNYで音楽活動を展開。2012年から自らのレーベルを立ち上げ、歌手として本格的に日本を中心に再始動した。レギュラー出演　テレビ番組 BS JAPAN ギルガメッシュライト　毎週金曜23:00-24:00　ラジオ番組「AGES」毎週月曜、水曜21時から1時間生放送。http://www.silvaworld.net/",『ArcH Last Place Party day2』

STEPHANE K,a-image/092.jpg,STEPHANE K / ステファン ケー,DJ,HOUSE/TECHNO,"今のハウスミュージック界で新しいスタイルを常に追求し、多大な影響力を持つミュージックプロデューサー Stephane K。New Yorkのハウスシーンにおいて彼がもたらした功績は誰もが知るところである。『Stephaneは彼のパートナーであるJohn Creamerと共に2001年度にSatellite Records傘下のPipelineから数曲のメガヒットリミックスをプロデュースし、プロデューサーとしての名を世界に轟かせることになった。まずは、ブレイクのきっかけになったKosheenの 'Hide U'とヴォーカルハウスとして完成度の高いリミックスSatoshi Tomiieの 'Love In Trafficである。その後IIO`RAPUTURE’のREMIXが世界中で大ブレイク！このREMIX SINGLEがレコード盤にもかかわらず10万枚以上のセールスを記録、CD,コンピレ-ションCDを合わせると60万枚を超える大HITとなる。その後はNEW ORDER, SINNEDO’CONNERなどTOPアーティストのREMIXから,BEDROCKよりMIX CDをリリース。2005年は、ROCK STAR ‘Marilyn Manson’ ""Nobodies""のREMIX そして、‘Rosko’　“love is a drug” Stephane K Remixが4月9日付、全米ビルボード誌ダンスヒットチャートNo'１獲得！その様々な要素で混成されたサウンドのスタイルは彼自身のオリジナルであり、簡単には言葉で表すことが出来ないだろう。あえて形容するならばセクシーな曖昧色、危険な催眠色、強い音に込められたトライバル色というような神秘的な混成具合である。そしてそのサウンドには、John Digweed, Danny Tenaglia, Danny Howells等のメジャーDJ、さらにはオノヨーコといった芸術家までもが絶賛したえず注目している。2011年はJon Creamer, Koutaro Aとともに、アメリカ先行発売で、Kultからの新たなリリース作品を作っている。また、活動拠点を日本に移し、固定概念にとらわれないクリエイティブ集団として東京クラブシーンの話題になっているWEEKEND WARRIORZに加入。シーンの最前線で高い評価を得るそのサウンドで、Stephaneが送り出す作品は、間違いなく世界のハウスシーンにセンセーションを巻き起こし、新たなカテゴリーを絶えずプロデュースしている。』",『ArcH 5th ANNIVERSARY』
SUHARA,a-image/093.jpg,SUHARA / スハラ,DJ,HOUSE/TECHNO/HARD TECHNO,"TECHNO・HOUSEを織り交ぜ、大箱・小箱を問わず、セクシャリティの壁を超えて、PARTYのコンセプトを意識したPLAYを心がけている。そこで培った経験から得たプレイスタイルは高い評価を受け、その時々に現れる独自の感性とGROOVE感にトリッキーなエッセンスを加え、ダンスフロアを盛り上げる事で幅広い客層から注目を集めているDJである。2005年8月にはMIX CD「IN THE HOUSE MIX」(QUAKE RECORDS)のMIXを手がける。2006年からは、velfarre、amate-raxi、COLORS STUDIO、ArcH、ROCKWESTなど、様々なクラブのAFTERHOURSへのエントリーを経て、AFTER REBOOT PARTYとして始まった「BOOST」@ROCKWESTのオーガナイズ兼レジデントを務めたのち、現在「THIS IS!?」@ROCKWESTがスタートしている。また夜のPARTYでは、異色のTECHNO PARTY「TWILIGHT」@ArcHを立ち上げ、最近では毎年恒例の「迎春アフターアワーズ」@amate-raxiで日本を代表するTECHNO DJ陣と共にメインフロアに抜擢されるほか、「GLAMOROUS」@AIR、「Datura」@Solfa、「QD」@AIR、「Diamond Cutter」@ArcHでのPLAYなど、数多くのPARTYでのレジデント・ゲスト出演をつとめながらも、新たなステージへ移行していく姿に目が離せない。<br />http://iflyer.tv/suhara/http://www.mixcloud.com/djsuhara/","『TWILIGHT』、『DIAMOND CUTTER』、『30代でないと』

TABO,a-image/094.jpg,TABO / ターボー,DJ,R&B/HOUSE,2000年NITELIST MUSIC所属。HIPHOPからHOUSEまで幅広い選曲には定評があり渚音楽祭やShangri-La@agehaなど数々のBIG PARTYでもプレイ経験が豊富。自身のオーガナイズpartyも数多く手掛ける。踊らせるという事だけに特化したプレイには必聴の価値あり。,"『PARTY』、『BANANA Fridays』

TADASEEK,a-image/095.jpg,TADASEEK / タダシーク,DJ,House,"芝浦GOLD/新宿Delight等で ハウスミュージックに 影響を受け 98年よりDJスタート。TECHハウスを中心にドハウス〜歌モノまで、アッパーな選曲には定評がある。また、ROCK系のDJとしても活躍中。現在新宿ArcHで開催中の「デブも専ナイト」「メガネプラス」等で レジデントプレイ中。","『デブも専ナイト』、『メガネプラス』"TAKAMI,a-image/096.jpg,TAKAMI / タカミ,DJ,TECHNO,"1995年からDJを始め、現在は「REBOOT@elevn(西麻布)」、「MOONAGE@ageha(新木場)」、「BUZZ×3@ROCKWEST(渋谷)」、「""7""@ArcH(新宿)」のレジデントDJとして活躍中、ネオ・モダンなテクノパーティー「ハイライト(hi-lite)@神宮前GALAXY」を2013年3月よりオーガナイズ。他、2012年5月より日本初のダンス専門インターネットラジオblock.fmにて「radioREBOOT」(毎週火曜日 24:30-)をレギュラー担当。東京を拠点にテクノ、ハウスを問わず日本各所や香港など様々なパーティーでゲストプレイし意欲的な活動を行っており、CRISTIAN SMITH、HARDFLOOR、SUBHEAD、MARCO BAILEY、CRISTIAN VARELA、TOMEHADESなど来日時にも共演し、「TECHNO」を基本とした独自の選曲と安定感のあるプレイスタイルは、幅広いオーディエンスやDJの間で評価が高い。また、ロック＆クラブマガジン「LOUD」によるDJ人気投票「DJ 50/50」にも、2006年より連続ランクインを果たし、その人気の高さが伺える。2002年9月には自身、MOON AGE RECORDINGSから初リリースとなった「AGAINST THE OVERDRIVE E.P.」はQ'hey、DJ SHUFFLEMASTER、YAMA、DJ UIROHなどから高い評価を受けた他、ドイツのクラブ誌「raveline」では5つ★の評価を得て話題を呼んだ。数多くのトラックをリリースし、その楽曲のオリジナリティーの高さからリミキサーとしても作品を提供している。http://www.takami.infohttp://www.facebook.com/takami.infohttp://takamidotblog.blog123.fc2.comhttp://twitter.com/djtakamihttp://block.fm/program/radioreboot.html","『ArcH presents AFTER HOURS ""7""』、『りんごないと』

Take-3,a-image/097.jpg,Take-3 / テイクスリー,DJ,,,"『やんちゃじゃないと』、『ゆるぽナイト』"takeshi kiyama,a-image/098.jpg,takeshi kiyama / タケシキヤマ,DJ,Techno/Tech House/Minimal/Deep House,"熊本県荒尾市出身。Techno、House、2 Stepなどの音楽に影響され2001年DJスタート。熊本福岡でDJ活動をつづけ2005年に上京。Techno、Tech House、Deep House、MinimalなどをメインにNoiseなテイストもおりまぜつつ、型にはまってない選曲で玄人リスナーからも定評が高い。QD@AIR、gadabout@WAREHOUSE702、persona mixx@AMRAXなどのオーガナイズイベントに加え、CADDISH@asia、UNiON@ArcHなど、都内の様々なクラブでプレイ。現在ではクイック@ArcHでのオーガナイズイベント、opus@module、Datura@solfa、olso@eleven、S2@ROCKWEST、Lo-bit Underground@ドゥースラーなどで活躍中。http://www.iflyer.jp/artist/takeshikiyamahttp://www.youtube.com/watch?v=xsZpb1zjmGE",『クイック』
TAKEYUKI,a-image/099.jpg,TAKEYUKI / タケユキ,DJ,Vocal House/Upper House,"2007年にDJデビュー。直後の2007年12月には新宿CODEでプレイ。その後大阪、郡山、水戸などでも活躍の場を広げている。彼の持つVOCAL HOUSEへの知識は、曲の持っている世界感や歌詞を生かしたプレイを可能にし、幅広い層からの支持を受けている。現在はSWITCH@ArcHでレジデントDJとして活躍中。今後も躍進を続ける彼からは目が離せない。","『SWITCH』、『TWILIGHT』、『PINKHOUSE X』"TAKUMA,a-image/100.jpg,TAKUMA / タクマ,GOGO DANCER,,,『露出狂ナイト』TAKUTO,a-image/101.jpg,TAKUTO / タクト,GOGO DANCER,,,『BAD BOYS』Terry Washizu,a-image/102.jpg,Terry Washizu / テリーワシズ,DJ,NY House/Garage/Disco,"インコグニート、ザ・ブラン・ニュー・ヘヴィーズ、ボーイズIIメン、ジェームス・ブラウン、アレステッド・ディヴェロップメント、ヴィクター・デイヴィス、アメル・ラリュー、ジョセリン・ブラウン、ディー・インフルエンス、スキー・オークンフル、ドーン・ロビンソン、ショーラ・アーマ、ウーキー、SOUL II SOUL、ダニー・クリヴィット、ルイ・ヴェガ、ティミー・レジスフォード、クエンティン・ハリス、バーバラ・タッカー、マッド・プロフェッサー、その他挙げればキリがないほど多くの海外ビッグ・アーティストやDJらと契約を結び彼らの作品を手掛けてきた、国内外からリスペクトを受ける伝説のA&Rマン。　DJやヴァイナル・コレクターの新バイブルとなった『超ハウス・ディスク・ガイド』（2006年・リットーミュージック）の執筆者にも名を連ねているなど、自身も日本を代表する12インチ・コレクターである。また2005年にはダニー・クリヴィットと共に映画『マエストロ』の日本盤サウンドトラックをオリジナルで制作、世界中のクラブミュージック・ファンの注目を集めた。　自身のDJエディットを織り交ぜ、ハウスからガラージ、ディスコ・クラシックまで新旧ミックスしたスタイルはまさに変幻自在であり、毎回聴く者を楽しませるハッピーなプレイは音楽好きならずとも驚かしてくれる。　現在は複数のレギュラーパーティーを中心に活動。東京・恵比寿Bar Jam（バー・ジャム）で毎奇数月の第2土曜日に行われる「ringk（リンク）」や、新宿2丁目ArcHで不定期に開催される超人気パーティー「BALL」でのDJプレイも人気。　2010年には、スキー・オークンフルの""1000 Knives""（坂本龍一カバー）のTerry Washizu RemixがスキーのレーベルPrimaudial Records (UK)からリリースされた他、彼がエディットを手掛けたインコグニートの""1975 (Terry Washizu Edit)""も、「Body & Soul Tokyo 2010 @ageHa」でのダニー・クリヴィットによるプレイをはじめ、今でも国内外の有名DJらにプレイされるなど高い評価を受けている。","『BALL』、『NEW YORK!! NEW YORK!!』
TETZ,a-image/103.jpg,TETZ / テツ,DJ,House/Progressive House,"90年代前半のニューヨーク留学時代にクラブに目覚め、Pier Danceなどに代表されるGay Dance のカルチャーに魅了され帰国。2007年、新宿Club Undergroundにてデビュー。「ゆったりとしながらコントラストのあるハウスを得意とするプレイが印象的」とDJ TETZを知る多くは評価する。 最近の活動は、新宿、渋谷を中心に、レジデントを含む様々なパーティでのプレイを務めるほか、音大在籍時代に得た専門知識を生かして楽曲制作やリミックスも手がけている。 「主役はフロアーにいる。DJは上質な時間を過ごす空間を創る演出家」が彼のモットーである。DJ TETZ's club life started from when he was a student in NYC in the early 90's. He was astounded by the power of Gay Dance Culture and the unforgettable scene at ""Pier Dance"". After returning to Japan, TETZ laid low until 2007 when he starting to spin at ""Club Underground"" in Shinjuku. His followers commune on his moderato and vivid HOUSE MUSIC play style.Recent his ballpark has been expanding to various clubs/cafes in Shinjuku and Shibuya, including his resident parties. He has also branched out to Remixing and Composing, utilizing his special knowledge and background from traditional music college.""Everyone on the dance floor takes the Lead Role, a DJ is there as an artistic director to create a Superior- Space to Time for those performers. "" --- that is his motto.","『奏家』、『NIGHT WALKER』"TOMO,a-image/104.jpg,TOMO / トモ,DJ,R&B/House/Hiphop,"温かさ満点の酔いどれDJ。R&B、HIPHOP、CLUB JAZZ、HOUSE、DANCE CLASSICSと黒い音を縦横無尽。都内各所でプレイし、音、VUENOSなどでレギュラーを持つさなか、2000年からROBOT FUNKに加入。その後、陽炎、Private Party、FUSION、Kinhana、WORDUP BAR、SAMURAI、BG☆BG、RUSH CRUISEなど各種パーティーにてフロアを熱くしている。さあ今夜も呑んでも飲まれるな。",『BANANA Fridays』TOMO,a-image/105.jpg,TOMO / トモ,GOGO DANCER,,,『雄汁男魂集会』TOMO-YA,a-image/106.jpg,TOMO-YA / トモヤ,DJ,,,"『SURF』、『露出狂ナイト』"Tomo Asahina,a-image/107.jpg,Tomo Asahina / トモアサヒナ,DJ,Funky & Vocal House,"第1回 CIA DJコンテスト ハウス部門優勝。 ヨーロッパテイストのファンキー・ハウスサウンドを展開。 そのPOPでGroovyなプレイは人種・性別・年齢・セクシャリティを問わず皆を魅了し、大好評を得ている。Hex Hector、Ian Carey、Joachim Garraud、Major Boys、Steve Angello、Eric Kupper、Andy Norman（Hed Kandi）等と共演。 Joachim Garraudから「君は本物のDJだ！」と絶賛され、 Andy Norman（Hed Kandi）からは「君こそTokyo Kandi DJだ！」と言われる。2003年横浜フランス国際映画祭のオフィシャルパーティに出演。2004年Mitomi Tokoto、VJ WADAKENらと世界ツアーを敢行。中国各地、マレーシアなどでプレイ。現地のクラブフリーク達を興奮の渦に巻き込んだ。 2005年、Lipton ""BOA"" Premium Live＠Studio CoastにてBOA（歌手）と共演。 2006年は日本初の""Hed Kandi Tokyo""に参加。そして2007年、ロンドンの人気レーベル""Fierce Angel""の日本プロジェクトに参加。自らもDJ出演し、大成功を収める。同年10月には渚音楽祭にも出演。2008年2月、レジテントDJを務める毎月最終土曜日に行われるGay Mix Party ""the RING""の動員数が開催場所である「Warehouse」のレジデントパーティの歴代動員記録を塗り替えトップに。10月には再び「渚音楽祭」に参加。午後２時と比較的早い時間だったにもかかわらず、壮絶な盛り上がりを見せ関係者を驚かせた。12月、三たび ""Fierce Angel in Tokyo""を開催。大好評に終わる。2009年9月、正式に「Mark Doyle」率いるDance Music Labal「Fierce Angel Records」のオフィシャルDJにパートナーである「DJ Shu-ma」とともに就任。日本人初の本国イギリス認定DJとなり今後ワールドワイドな活動を展開する。",『ArcH 7th ANNIVERSARY PARTY 〜CASINO〜』

tomo iwasaki,a-image/108.jpg,tomo iwasaki / トモイワサキ,DJ,HAPPY TECHNO,"2000年横浜CLUB FIREにてDJデビュー。""HAPPYでDISCO""をテーマに腰にぐいんぐいんくるカンジのTECHNO〜HOUSEをごった煮感満載でずんどこプレイするいわゆるWARP育ちなHAPPY系の残党。かっこいいのより楽しいほうが好き。""今""の解釈においてハッピーテクノをぶん回すパーティ[BEATNIK]と野球好きDJが集まってメガホン片手にテクノと応援歌を高らかに鳴らす[TECHNO NIPPON SERIES]を主催。ALAMAS CAFEでのプログラム[ABCDisco☆]も担当。You'll never DANCE alone!!!http://www.disco.x0.com",『BEATNIK』
TSUYOSHI,a-image/109.jpg,TSUYOSHI / ツヨシ,GOGO DANCER,,,"『ArcH 1st ANNIVERSARY』, 『ArcH 2nd ANNIVERSARY』"TYME,a-image/110.jpg,TYME / タイム,DJ,,,"『ゆるぽナイト』、『ケツメイシナイト』"Tomoyuki Tanaka,a-image/111.jpg,Tomoyuki Tanaka / トモユキ タナカ,DJ,HOUSE,"1966年7月6日生まれ。京都市出身。FPM=Fantastic Plastic Machine（ファンタスティック・プラスチック・マシーン）とは田中知之のソロ・プロジェクトである。97年秋、『The Fantastic Plastic Machine』でデビュー。98年秋、2nd アルバム『LUXURY』、翌99年秋MxSg『Take Me To The Disco』をリリース。2枚のアルバムは98年以降ヨーロッパとアメリカでもリリースされ世界中から注目を集める。2000年にはavexへ移籍し、翌年1月にリリースした3rdアルバム『beautiful.』では、中納良恵（EGO-WRAPPIN’）、キリンジ、ハース・マルティネスなどを、4thアルバム『too』ではインコグニート、VERBAL（m-flo）、山本領平など、5thアルバム『imaginations』ではTAHITI80、BENJAMIN DIAMOND、BONNIE PINK、CLAZZIQUAI PROJECTらをフィーチャー。6thアルバム『FPM』ではMONKEY MAJIK、DJ YASA、山本モナ、BENJAMIN DIAMOND、KISSOGRAM、清水靖晃らをフィーチャーしている。7thアルバム『QLASSIX』は元々ユニクロが展開するWEBコンテンツ「UNIQLO CALENDAR」のBGMとして制作されたもので、ユーザーの間で音源化が熱望されていたこともあり、新録カバー1曲を加えてリリース。サティー、ド ビュッシー、ラヴェルなど誰もが一度は聞いた事があるクラシックの名曲をFPMが豪華客演陣とともにカバー。クラシック・ミュージックとエレクトロニッ ク・ミュージックの融合に、生楽器の音色を加えて全く新しい観点からクラシック音楽を捉えた、実験的かつ革命的な音楽集となっている。メキシコ、スイス、イギリスなどでもアルバム／12インチが発売され、アンダーグラウンドまでもリリースする老舗レーベルJUNIORから「Whistle Song」の12インチリリースも果たし世界中でもヒットを記録した経歴がある。また、2004年に立ち上げたDJ-MIXシリーズ「Sound Concierge」は、これまでに全11作を発表。いずれも異例のセールスを記録している。 2007年には21世紀以降の音源を集めた2枚組のベストアルバム『FPMB』をavexより発売。2008年にはラーメンズ・小林賢太郎と「SymmetryS（シンメトリーズ）」を結成し、コントとダンスミュージックの融合という新たな試みに挑戦し話題を呼んだ。2009年にはavex20周年を記念して、大沢伸一、☆Taku Takahashi(m-flo)と共にプロデューサユニット「ravex（レイベックス）」を結成。安室奈美恵、東方神起、TRFなどをフィーチャーしたアルバム「trax」を発売している。2010年にはあらゆるタイプの音楽をノンストップミックスする、新DJ-MIXシリーズ「VERSUS」を始動。この第1弾作品となる「VERSUS “Japanese Rock VS FPM” selected and non-stop mixed by FPM」では日本語ロックばかりの全22曲をハウスマナーでミックスしている。プロデューサーとしては、CHARA、RIP SLYME、HALCALIなどを手掛け、リミキサーとしてはFATBOY SLIM、布袋寅泰、UNICORN、Dragon Ash、東京スカパラダイスオーケストラ、松田聖子、小泉今日子、DJ OZMA、James Brown、Earth,Wind & Fire、YMO、SHEENA & THE ROKKETS、RYUKYUDISKO、土屋アンナ feat. AI、サカナクション、UNICORN、くるり、ケツメイシ、IUなど、多数の有名アーティストを手がける。最近の楽曲制作としては、CMではPanasonic「スマート家電」などがある。また、サッポロ「スリムス（観月ありさ、工藤静香出演）」など、過去にも様々なものを手がけている。その他、世界三大広告賞でそれぞれグランプリを受賞したダンスミュージック時計「UNIQLOCK」、2009年6月より公開している、2ヶ月に１度新曲を披露するブログパーツ「UNIQLO CALENDAR」の楽曲制作、NIKEプロジェクト「NIKE+」への参加、村上隆がルイ・ヴィトンの為に手掛けた短編アニメーション「SUPERFLAT MONOGRAM」（2003年）「SUPERFLAT FIRST LOVE」（2009年）の楽曲制作、さらに人気海外ドラマ「SEX AND THE CITY」にも楽曲提供も行っている。DJとしては、ジャンルという固定された概念に縛られる事無く、常に独自の視点で独自の音楽を産み出していくスタイルが支持され、国内は全都道府県制覇、海外でも約50都市にてプレイ、さらに国内外のハイブランドによるパーティーのDJとしても活躍している。2000年12月より西麻布YELLOWで隔月開催していたレギュラーパーティ「Grand-Tourisme」が、YELLOWの閉店に伴い2008年6月に終了となるまで、計46回、のべ47000人以上という、クラブイベントとしては驚異的な動員を記録した。現在では、奇数月第四金曜日に麻布十番WAREHOUSE702にて「EVERLUST」、大阪にて「Hyper Society」、京都にて「京都大宴会」、新潟にて「lock.」をレギュラーパーティとして開催中のほか、新木場ageHaにて、自身が最も注目する海外DJを毎回指名、共演するパーティ「Baroque」を不定期開催。Freeform FiveやAlan Braxe、THE BLACK GHOSTSとの共演を果たす。http://www.fpmnet.comhttp://www.myspace.com/fantasticplasticmachinehttp://ameblo.jp/fpmblog/","『ArcH 2nd ANNIVERSARY』, 『ArcH 7th ANNIVERSARY』, 『ArcH Last Place Party day1』"

UIROH,a-image/112.jpg,UIROH / ウイロウ,DJ,TECHNO,"「グルーヴィー」この言葉をこれ程感じさせるDJはまずいないであろう。フロアー重視型なのは勿論の事、常に進化を貪欲に求めるプレイは最重要スピンマスターの一人として、シーンを引率している。類い稀なるなるセンスと繊細なテクニックのもとに生み出される独自の世界は常に高い評価を得、ジャンルを超えた新しい音へと昇華させ、絶大な人気を得ている。2006年より自ら主宰するアフターアワーズ「PIMP」を始動させ、 今では東京を代表するAFTER HOURSとなっている。「MANIAC BEACH」 @由比ケ浜は全て初回から参加。他にはMATAMORPHOSEやPLUSOUT、渚等の大型野外イベントにも出演している。昨年はDJ Q-HEY氏のアルバム""ELECTRIC EYE ON ME""に参加,現在はDJ DSKEとのユニット”YELLOW ATTRIBUTE MUSIC”で精力的に楽曲製作中。また2007年より、よりエレクトロ色を強めたセットのプロジェクト""WINKY""を始動。AIR@代官山やWOMB@渋谷でのプレイはミミの早いリスナーを引き付けている。2009年からは新感覚gay mix テクノパーティー”ROLLING NUTS”のレジデントとして参加。驚異の盛り上がりをみせている。",HAPPY TRIANGLE/クイック

VEIZY,a-image/113.jpg,VEIZY / ベイジー,DJ,Vocal House,"90年DJデビュー。10年以上のDJ歴誇る、今や日本を代表する女性DJ。六本木RAJAH COURTでDJとしての第1歩を踏み出し、その後MZA有明でプレイ。モンチ田中率いるワールドビーツカンパニー主催の女性DJユニットに参加したきっかけでDJ、ミキサー、プロデューサーにして(有)DMXインターナショナルの社長、DUB MASTER Xと出会い、BAY FMのDJミックス番組のレギュラーDJに就任。ラジオ局でダンスミュージック番組を中心に活動する一方、クラブDJとしてもGOLDをはじめ多くのクラブで活躍。現在""DIAMOND CUTTER""をはじめ""GOLD FINGER""""などのウイメンズパーティーの他、様々なイベントで活躍。日本のウイメンズパーティーには欠かせないDJ。",DIAMOND CUTTER
ヴェロニカ,a-image/114.jpg,Veronica / ヴェロニカ,DRAG QUEEN,,,"『RUSH CRUISE』、"WARA,a-image/115.jpg,WARA / ワラ,DJ,HOUSE,"1997’Philosomathik RecordsよりMo!wara Okamatiqueをリリース。nyハードハウスシーンでブレイクしDannyTenaglia, Junior Vasquesらもヘビープレイした。主な競演DJはフランキー・ナックルズ、ビクター・カルデローン、ピース・ディビジョン、DJ ピエールなど多 数。dj スタイルはHard HouseからDeep、house,Garage Classicまでと幅広いジャンルを押さえたジャンルにとらわれない黒い選曲を得意とし、センシュアルでグルービーな選曲を武器とするプレイは国内のゲ イクラブシーンで新しいスタンダードとなりつつあり、今ゲイシーンで一番注目される存在だ。ageHa Mix cd Vol. 4 1/2「Paradise Ball」第１弾がジュニア・バスケスと共に同時リリース。 http://www.disco.x0.com",『BANANA Fridays』YAMAKAWA,a-image/116.jpg,YAMAKAWA / ヤマカワ,DJ,Techno/Vocal House,"2010年11月新宿ArcHにてDJデビュー。平成が産んだとは思えない疾走感と奇想天外なMIXテクニック。ゆとってる場合じゃねえ！https://twitter.com/_YMKW","『TWILIGHT』、『BEATNIK』、『サンモニっ!!』"YASUTAKA,a-image/117.jpg,YASUTAKA / ヤスタカ,GOGO DANCER,,,『SURF』YO-C,a-image/118.jpg,YO-C / ヨッシー,DJ,HOUSE/TECHNO/HARD HOUSE,"93年ロンドン＜DATE FELLOW CLUB＞でDJデビュー。帰国後、ロンドン仕込みのテクニックとアッパーかつファンキーなDJスタイルでクラブミュージック界にセンセーションを巻き起こした。そのDJテクニックは進化し続け、テクノ・ハウスはもとよりクラブ ミュージックのボーダーレスな新たな世界を造り出す。そして、DJプレイとスマイルでフロア中を笑顔で満たしていく。現在、「UNiON」@club Arch、「DriveEasy」@渋谷 RockWest、大阪Lunar Club等のレギュラーパーティーの他、日本各地でもゲストＤＪとして多数プレイ。また、元気ロケッツ「Star Surfer」のリミックスを手掛け、人気、実力共に誰もが認めるDJとして評価されている。https://twitter.com/_YMKW","『ArcH presents AFTER HOURS ""7""』

YOSHIHIRO,a-image/119.jpg,YOSHIHIRO / ヨシヒロ,GOGO DANCER,,,"『ArcH 4th ANNIVERSARY』, 『ArcH 7th ANNIVERSARY, PARTY』"YUJI,a-image/120.jpg,YUJI / ユウジ,GOGO DANCER,,,『BANANA Fridays』YUME,a-image/121.jpg,YUME / ユメ,DJ,House,"90年代中旬からDJキャリアをスタート。GOLD、MANIAC LOVE、LIQUID ROOM、YELLOW、BAR Delight等々、錚々たるレジェンダリィな""箱""でテクニックとフィーリングを磨き、そして同じく伝説的なたくさんのビッグイベントでプレイしキャリ アを積んで行く。途中、ラウンジスタイル等バラエティなプレイスタイルに傾倒し、国内を飛び出てフランス等ワールドワイドでプレイし、そのフィールドでも 確固たる実績を残したが、2011年から再び、ハウスミュージックにターゲットを定め自身のアイデンティティのリコンストラクションBack To Basicに着手。最先端の音を軸としてコーティングされたそのテイストを体験できるのは。。現在世界でも指折りのクオリティと規模を 持った""リアルビッグパーティ""Shangri-La @ageHa, Tokyo、良質な音楽と人の集まりを毎週提供していくという驚異的な""ボーイズナイト""BANANA Fridays@AISOTOPE LOUNGE 、エッジィで革新的なウェイブをここ日本、東京から発信中で話題のTravelling@eleven、DJ usus FROM RIP SLYMEプレゼンツの渋谷ベースなラウンジパーティBLACK MUNCHEE@MICROCOSMOS等々！！音楽に導かれた旅のエクスペリエンスが生み出す多様性を持ったサウンドとベクトルをブレンドしまとめるのはハウスというキーワー ド☆☆エッジィとポピュラリティ。ラグジュアリーでクルエルティー。常に相反する二つのTHINGS = コントラディクションを内包したプレイはフロアでそれをキャッチするパーティピープル=クラウドにある種不思議かつワンダーな感情を喚起させ独特の印象と 興奮を残すであろう。http://www.mixcloud.com/yumeland/",『BANANA Fridays』YUSUKE,a-image/122.jpg,YUSUKE / ユウスケ,GOGO DANCER,,,『雄汁男魂集会』YUTAKA,a-image/123.jpg,YUTAKA / ユタカ,GOGO DANCER,,,"『AiSOTOPE LOUNGE 1st ANNIVERSARY』, 『BAD BOYS』"YUTO,a-image/124.jpg,YUTO / ユウト,GOGO DANCER,,,『SURF』相川七瀬,a-image/125.jpg,相川七瀬 / アイカワナナセ,SINGER,ROCK,"1995年11月織田哲郎プロデュースにより、シングル「夢見る少女じゃいられない」でデビュー。1stアルバム「Red」が現在までに270万枚を超えるメガヒットを記録。(第11回日本ゴールドディスク大賞ロックフォーク部門「アルバム大賞」を受賞)続く2ndアルバム「paradox（パラドックス）」も180万枚を超えるセールスを記録し、 (第12回日本ゴールドディスク大賞「ベスト・ロック・アルバム・オブ・ザ・イヤー」受賞)現在までのＣＤのトータルセールスは1200万枚を越えている。音楽活動以外にも詩人、絵本作家、カラーセラピストとしても活躍。英国AURA-SOMA認定　ティーチャーレベル3を当時、日本人最年少で取得。自身が持っているクリエイティブな質を活かして、生きているAURA-SOMAを伝えていく事を目指している。そして2004年4月にはORENDA（スクール）を立ち上げ、オーラソーマのカウンセラーを育成中。その他、アロマセラピーインストラクター、レイキマスター、植物療法、前世療法など幅広いヒーリングをシェアしていきたいと考える。カラーセラピーをたくさんの人に伝えるためのワークショップやイベントなどを手がけるあらゆるジャンルの顔を持つアーティスト。","『ArcH Last Place Party day2』, 『GIRL FRIEND』"アマゾネス・ダイアン,a-image/126.jpg,アマゾネス・ダイアン,DRAG QUEEN,,,"『二丁目ハイスクール』、『AT HOME』、『Bar 黒蜥蜴』"あやまんJAPAN,a-image/127.jpg,あやまんJAPAN / アヤマンジャパン,SINGER,,"六本木・西麻布をホームグラウンドとし、“試合”という名の飲み会を中心に活動する謎のアイドル（!?）。中心メンバーはあやまん監督、ファンタジスタさくらだ、ルーキタエの3人で、監督であるあやまんのスカウトにより、100人以上が所属するとされる素人集団（らしい）。初のDVD『あやまんJAPANのDVD -ポテトが熱くて食べられない-』が発売中。さらに、藤森慎吾とあやまんJAPANシングルＣＤ『夏あげモーション』（税込み500円）が8月10日に発売。着うた（Ｒ）配信中、着うたフル（Ｒ）7月27日〜配信開始。そのほか最新情報はブログをチェック。→ http://ameblo.jp/ayamanjapan/ザックJAPAN、原JAPAN に次ぐ日本3大JAPAN の一つであり、夜な夜な彼女たちのホームグラウンドである六本木、西麻布界隈で試合!?（という名の飲み会）を開催している新感覚の女の子エンターテイメント集団。メンバーは監督のあやまんがスカウトしており『ビジュアル班』、『女子大生班』『ネタ班』、『海外組』、『ユース』の5班に分かれていて、総勢100人以上が所属している・・・という噂もある。「ぽいぽい」で不景気な日本を元気にしてか〜ら〜の、男子のマッスルスティックを元気にしてか〜ら〜の、世界を一つにすべく活動しています！ぽいぽいぽぴ〜♪でギャルに一大旋風を巻き起こす“あやまんJAPAN”!!サッカーのザックJAPANより野球の原JAPANよりある意味、最強!?の彼女たち。エロカワ系パフォーマンス集団2011/6/24：あやまんJAPAN全国遠征試合「マジお前らに会いてぇわ」＠渋谷O-EASTでは、超満員の1,200人を動員夜の宴会芸のレベルを超えた究極の新感覚エンターテイメント集団!グループアイドル戦国時代の鬼っ子 - あやまんJAPAN（2010/12/13：マイコミジャーナル）「第26回日本ゴールドディスク大賞」ベスト5ニュー・アーティスト受賞！http://www.hades-e.jp/talent_ayamanjapan.htmlhttp://ameblo.jp/ayamanjapan/",『ArcH 6th ANNIVERSARY』
アルピーナ❼,a-image/128.jpg,アルピーナ❼,DRAG QUEEN,,,"『M night』、『聖子ナイト』、『女装紅白歌合戦』"アロム奈美江,a-image/129.jpg,アロム奈美江,DRAG QUEEN,,,エンジェル・ジャスコ,a-image/130.jpg,エンジェル・ジャスコ,DRAG QUEEN,,"新宿二丁目に舞い降りた、スーパーヘビー級の天使、エンジェルジャスコ。惑星のアンドロイド、お転婆バービードール、退廃の娼婦、敏腕スパイ、深窓の貴婦人、 めくるめく七変化で今日も下界をパトロール。 貴女の天使がここにある。","『女装紅白歌合戦』、『RUSH CRUISE』、『トゥナイト』、『二丁目ハイスクール』"銀,a-image/131.jpg,銀 / ギン,GOGO DANCER,,,『BANANA Fridays』恵-KEI-,a-image/132.jpg,恵-KEI- / ケイ,"GOGO DANCERPOLE DANCER",,,『BANANA Fridays』胡蝶蘭,a-image/133.jpg,胡蝶蘭 / コチョウラン,DRAG QUEEN,,,"『女装紅白歌合戦』、『渦巻』、『TOKYO GAY NIGHT』、『笑止千万』"小西康陽,a-image/134.jpg,小西康陽 / コニシヤスハル,DJ,,"音楽家。1985年、ピチカート・ファイヴのメンバーとしてデビュー。2001年解散後も、数多くのアーティストの作詞、作曲、編曲、プロデュース、リミックスを手掛けている。2011年、PIZZICATO ONEの名義で初のソロ作品『11のとても悲しい歌』（ユニバーサルミュージック）を発表。今秋オンエアされるドラマ『抱きしめたい！Forever』のサウンドトラックを手掛け、EveryLittleThingが歌う主題歌「アクアマリンのままでいて」の編曲も担当した。サウンドトラックCDが9月27日に発売。著書に『僕らのヒットパレード』（片岡義男と共著）ほか。","『ArcH Last Place Party day1』, 『Playboy Playgirl』"色彩,a-image/135.jpg,色彩 / シキサイ,DJ,HOUSE/DISCO/LATIN,"奄美大島出身。現在東京都内を中心にDJとして活動中。Houseを基本としたオールジャンルプレイヤー。渋谷ROOMのディスコパーティー「El Amor」にレギュラーDJとして参加。また渋谷BAR SAZANAMI「HOT MUSIC」新宿ArcH「サンモニっ！！」不定期開催の「Diesel Disco Club」をオーガナイズ。ストリートミックスCD「80's Jam」「HOT MUSIC」をリリース。",『サンモニっ!!』
末光篤,a-image/136.jpg,末光篤 / スエミツアツシ,SINGER,PIANO ROCK,"末光 篤 （スエミツ アツシ）1971年6月4日生まれ　広島県出身　O型　名古屋音楽大学出身2004年、高セールスを記録したディズニーのロック・カヴァーアルバム「Mosh Pit on Disney」に参加したことが話題となり、翌年インディーズレーベルRhythm REPUBLICより、全曲英詞による1st アルバム「Man Here Plays Mean Piano」を発表。ピアノを叩き付けるような激しいプレイが話題となり、新しいピアノロックのスタイルを確立した。2006年、キューンレコードと契約し、メジャーデビュー。同年リリースされたデビューシングル「Sherbet Snow and the Airplane」がいきなり全国のFM/AMラジオ局およびCS音楽チャンネル合計24局にてパワープレイ及びヘビーローテーションを獲得、続く2ndシングル「Astaire」がTBS系ドラマ「花嫁は厄年ッ!」の主題歌に抜擢され、スマッシュヒットとなる。2007年、4thシングル「Allegro Cantabile」がクラシックを題材にした人気アニメ「のだめカンタービレ」のオープニングテーマに、続く5thシングル「Sagittarius」が同アニメのエンディングテーマに抜擢され、オープニング、エンディングの両方を担当し、大きな話題となる。同年3月、メジャー1stアルバム「The Piano It's Me」をリリースし、オリコン初登場18位を記録。この年、リキッドルームにて初のワンマンライブを行い、翌年3月には東京(赤坂BLITZ)、大阪(なんばHatch)、名古屋(CLUB Diamond Hall)の3都市にて、初のワンマンツアーを行う。2008年、ベストアルバム「Best Angle for the Pianist」を発表した後、プロデュースワークを中心に活動。2009年に木村カエラに楽曲提供した「Butterfly」が「ゼクシィ」のCMソングに起用され、400万ダウンロードを越える大ヒットを記録。2011年度のJASRAC賞「銀賞」を受賞した。他にも坂本真綾「eternal return」野宮真貴「私の知らない私」渡辺美里「世界中にKissの嵐を」等、多くのアーティストに楽曲提供をしている。2011年、およそ3年振りに本名の末光篤名義でアーティスト活動を再始動。先行配信シングル「Hello Hello」(詞:いしわたり淳治)を皮切りに、第1弾ミニアルバム「Dear Grand Piano」をリリース。2012年、木村カエラに楽曲提供した「Butterfly」をセルフカヴァーし、シングルとして発表。4/4には昨年に引き続き、第2弾ミニアルバム「From Your Pianist」をリリース。プロデュースワークを含め、精力的に活動をしている。",『ArcH Last Place Party day2』


スミレ,a-image/137.jpg,Sumile / スミレ,DRAG QUEEN,,,須永辰緒,a-image/138.jpg,須永辰緒 / スナガタツオ,DJ,,,『ArcH Last Place Party -over the rainbow-』大輔,a-image/139.jpg,大輔 / ダイスケ,DJ,J-POP,,『じゃぱんぐ♪』隆-TAKA-,a-image/140.jpg,隆-TAKA- / タカ,GOGO DANCER,,,"『ケツ割れナイト』, 『炎の野郎祭」』"たつゆき,a-image/141.jpg,たつゆき / タツユキ,GOGO DANCER,,,"『ケツ割れナイト』, 『炎の野郎祭」』"ちびヒロ,a-image/142.jpg,ちびヒロ / チビヒロ,GOGO DANCER,,,"『ガクラン』, 『やんちゃじゃないと』"天天,a-image/143.jpg,天天 / テンテン,GOGO DANCER,,,『ArcH 6th ANNIVERSARY』傳田真央,a-image/144.jpg,傳田真央 / デンダマオ,SINGER,POP,"傳田 真央（でんだ まお、1980年3月29日 - ）は、日本の女性歌手。長野県長野市出身。人物・略歴父はクラリネット奏者の傳田高廣。音楽一家に育ち、自身も影響を受ける。幼い頃から音楽教養を身につけたため、絶対音感を持つ。1999年にインディーズデビュー。2000年にシングル「耳もとにいるよ･･･ 〜Ring the bells〜」でマーキュリー・ミュージックエンタテインメント（後のキティMME、ユニバーサルミュージック子会社）よりメジャーデビュー。同年、インディーズの楽曲を再収録した2枚目のシングル「あなたとふたりで 〜Be with me all day long〜」や初のアルバム『Eternal Voice』がスマッシュヒットとなった。2002年、GTSのアルバム『POP+underground』作品参加を最後に、ユニバーサルミュージックと所属事務所の契約を終了し、表舞台から姿を消す。以降はアンダーグラウンドでロックバンドを結成し、都内のクラブを中心としてバンドのボーカルとして活動を行うも、すぐに活動を中止。その後亀田誠治を音楽プロデューサーに迎え、楽曲制作に2年半の期間を費やして、2006年にMAO/dとしてシングル「VERY LOVE -0.5℃」で再デビュー。インディーズからの発表ではあるがドラマ主題歌に起用され、また音楽プレーヤーを聴きながら寝転がるアザラシの赤ちゃんのTVスポットなどが大きな話題となる。2008年、傳田真央に名義を戻して活動することを発表。2009年1月14日発売のSPHEREのシングル「君といたい feat. 傳田真央」で活動再開。http://dendamao.com",『ArcH 2nd ANNIVERSARY』


虎丸,a-image/145.jpg,虎丸 / トラマル,GOGO DANCER,,,"『9モンスターズナイト』,『BANANA Fridays』"中田ヤスタカ,a-image/146.jpg,中田ヤスタカ / ナカタヤスタカ,DJ,ELECTRO DISCO POP,"2001年に自身のユニットであるCAPSULEでCDデビュー。以降、Perfume、きゃりーぱみゅぱみゅのプロデュースをはじめ、アニメ映画「ONE PIECE FILM Z」オープニングテーマ曲や「LIAR GAME」シリーズのサウンドトラック、ＴＶ・ラジオ番組のテーマ曲制作など多方面にて活躍中。昨今は日本人初のカイリー・ミノーグへのリミックス提供をはじめ、映画 「スタートレック イントゥダークネス」挿入楽曲の制作に携わるなどグローバルな活動が目覚ましい。その自由奔放かつ刺激的な楽曲群は音楽界のみならず、服飾や美容、映像などクリエイティビティを共有するシーンからも熱い支持を得ている。また自身のレギュラーパーティーの主宰・メインアクトを務め、ワールドワイドの大型フェスやファッションショーイベントなどにも出演している。","『AiSOTOPE LOUNGE 7th ANNIVERSARY PARTY 〜CASINO〜』, 『ArcH Last Place Party day1 -over the rainbow-』

中村直,a-image/147.jpg,中村直 / ナカムラナオ,DJ,HOUSE,"日本のハウス・シーンでもとりわけ長いキャリアを誇るDJ。新宿ツバキハウスでのDJを経て、84年NYへ渡り、TracksやThe Saintといったクラブで日本人として初めてレギュラーDJを勤める。その後は芝浦GOLDの設立にも携わるほか、Yellow、Liquid Room、Code等でプレイ。PUFFYやEVERY LITTLE THINGのリミックスも手掛ける一方、「Club Lovely」、「Hits」など時代を築いたパーティーのレジデントとしても知られる。選曲の引き出しの多さには定評があり、エモーショナルなプレイを得意とする。","『ArcH 7th ANNIVERSARY PARTY 〜CASINO〜』、『I LOVE HOUSE MUSIC』"生森明菜,a-image/148.jpg,生森明菜 / ナマモリアキナ,DRAG QUEEN,,,"『女装紅白歌合戦』、『TK GROOVE』、『笑止千万』"肉乃小路ニクヨ,a-image/149.jpg,肉乃小路ニクヨ / ニクノコウジニクヨ,DRAG QUEEN,,,『女装紅白歌合戦』藤井隆,a-image/150.jpg,藤井隆 / フジイタカシ,SINGER,,,"『AiSOTOPE LOUNGE 1st ANNIVERSARY』,  『ArcH Last Place Party day2』"優也,a-image/151.jpg,優也 / ユウヤ,GOGO DANCER,,,"『BANANA Fridays』, 『雄汁男魂集会』"らくだ,a-image/152.jpg,らくだ / ラクダ,GOGO DANCER,,,"『30代でないと』, 『MEN'Sスーツ』",,,,,,